type,name,fullname,category,nomad_cycles,measured_cycles,measured_by,notes
1,Keyboard,Keyboard,In/Out,0.0,,,
2,AudioIn,Audio In,In/Out,2.2,,,
3,4Output,4 Output,In/Out,2.0625,,,
4,2Output,2 Output,In/Out,1.40625,,,
5,1Output,1 Output,In/Out,1.28125,,,
7,OscA,Multiple Oscillator A,Oscillator,10.8125,,,
8,OscB,Multiple Oscillator B,Oscillator,8.28125,,,
9,OscC,Sine Oscillator,Oscillator,4.96875,,,
10,OscSlvB,Square/Pulse Slave Oscillator,Oscillator,7.125,,,
11,OscSlvC,Sawtooth Slave Oscillator,Oscillator,6.0,,,
12,OscSlvD,Triangle Slave Oscillator,Oscillator,5.875,,,
13,OscSlvE,Sine Slave Oscillator,Oscillator,3.0625,,,
14,OscSlvA,Multiple Slave Oscillator,Oscillator,7.625,,,
15,NoteSeqA,Note Sequencer A,Seqencer,1.4375,,,
16,PortamentoB,Portamento (Interruptable),Control,0.53125,,,
17,EventSeq,Event Sequencer,Seqencer,1.65625,,,
18,X-Fade,Crossfader,Mixer,1.65625,,,
19,Mixer (3),3 Inputs Mixer,Mixer,0.90625,,,
20,ADSR,ADSR Envelope,Envelope,1.625,,,
21,Compressor,Stereo Compressor/Limiter,Audio,8.28125,,,
22,PartialGen,Partial Generator,Control,0.59375,,,
23,Mod-Env,Modulated Envelope,Envelope,3.34375,,,
24,LFOA,Multiple LFO (phase),LFO,1.78125,,,
25,LFOB,Square/Pulse LFO,LFO,1.1875,,,
26,LFOC,Multiple LFO,LFO,1.46875,,,
27,LFOSlvB,Sawtooth Slave LFO,LFO,0.375,,,
28,LFOSlvC,Sine Slave LFO,LFO,0.78125,,,
29,LFOSlvD,Square/Pulse Slave LFO,LFO,0.375,,,
30,LFOSlvE,Triangle Slave LFO,LFO,0.34375,,,
31,Noise,Noise Generator,Oscillator,1.65625,,,
32,FilterBank,14 Band Filter Bank,Filter,17.9375,,,
33,ClkRndGen,Clocked Random Step Generator,LFO,0.625,,,
34,RndStepGen,Random Step Generator,LFO,0.625,,,
35,RndPulsGen,Random Pulse Generator,LFO,0.34375,,,
36,PosEdgeDelay,Positive Edge delay,Logic,0.28125,,,
37,LogicDelay,Logic Delay,Logic,0.625,,,
38,Pulse,Pulse,Logic,0.34375,,,
39,Smooth,Control Signal Smoother,Control,0.25,,,
40,Mixer (8),8 Inputs Mixer,Mixer,2.1875,,,
43,Constant,Constant,Control,0.0,,,
44,GainControl,Gain Control,Mixer,0.78125,,,
45,VocalFilter,Vocal Filter,Filter,7.59375,,,
46,AHD,ADH Envelope,Envelope,2.46875,,,
47,Pan,Stereo Panorama,Mixer,1.65625,,,
48,PortamentoA,Portamento,Control,0.46875,,,
49,FilterD,12dB Dynamic Multimode Filter,Filter,4.03125,,,
50,FilterC,12dB Static Multimode Filter,Filter,1.78125,,,
51,FilterE,12/24dB Dynamic Multimode Filter,Filter,6.625,,,
52,Multi-Env,Multiple Envelope,Envelope,1.96875,,,
53,Sample&amp;Hold,Sample and Hold,Audio,1.03125,,,
54,Quantizer,Quantizer,Audio,0.53125,,,
57,InvLevShift,Inversable Level Shifter,Audio,0.53125,,,
58,DrumSynth,Drum Synthesizer,Oscillator,12.21875,,,
59,CompareLev,Constant Comparator,Logic,0.1875,,,
61,Clip,Clip,Audio,1.53125,,,
62,Overdrive,Overdrive,Audio,4.0,,,
63,KeyboardPatch,Keyboard Patch,In/Out,0.0,,,
64,NegEdgeDelay,Negative Edge Delay,Logic,0.28125,,,
65,MIDIGlobal,MIDI Global,In/Out,0.13,,,
66,ControlMixer,Control Signal Mixer,Control,0.1875,,,
67,NoteDetect,Note Detector,In/Out,0.0,,,
68,ClkGen,Clock Generator,LFO,1.0,,,
69,ClkDiv,Clock Divider,Logic,0.625,,,
70,LogicInv,Logic Inverter,Logic,0.1875,,,
71,EnvFollower,Envelope Follower,Envelope,2.3125,,,
72,NoteScaler,Note Scaler,Control,0.15625,,,
73,LogicProc,Logic Processor,Logic,0.28125,,,
74,WaveWrap,Wave Wrapper,Audio,2.6875,,,
75,NoteQuant,Note Quantizer,Control,0.4375,,,
76,OnOff,On/Off Switch,Mixer,0.40625,,,
77,ClkDivFix,Fixed Clock Divider,Logic,0.84375,,,
78,Delay,Delay,Audio,8.0,,,
79,4-1Switch,4 to 1 Switch,Mixer,1.03125,,,
80,LFOSlvA,Multiple Slave LFO,LFO,1.21875,,,
81,Amplifier,Amplifier,Mixer,0.65625,,,
82,Diode,Diode Processor,Audio,0.65625,,,
83,Shaper,Signal Shaper,Audio,1.90625,,,
84,AD-Env,AD Envelope,Envelope,1.4375,,,
85,OscSlvFM,FM Slave Oscillator,Oscillator,3.1875,,,
86,FilterA,6dB Low Pass Filter,Filter,0.65625,,,
87,FilterB,6dB High Pass Filter,Filter,1.03125,,,
88,1-4Switch,1 to 4 Switch,Mixer,0.90625,,,
89,CompareAB,Control Signal Comparator,Logic,0.1875,,,
90,NoteSeqB,Note Sequencer B,Seqencer,1.4375,,,
91,CtrlSeq,Control Sequencer,Seqencer,1.4375,,,
92,FilterF,12/18/24dB Classic Low Pass Filter,Filter,5.53125,,,
94,StereoChorus,Stereo Chorus,Audio,9.125,,,
95,PercOsc,Percussion Oscillator,Oscillator,4.875,,,
96,FormantOsc,Formant Oscillator,Oscillator,9.0625,,,
97,MasterOsc,Master Oscillator,Oscillator,0.78125,,,
98,KeyQuant,Key Quantizer,Control,1.34375,,,
99,PatternGen,Clocked Pattern Generator,LFO,2.34375,,,
100,KeybSplit,Keyboard Splitter,In/Out,0.79,,,
102,Phaser,14 Pole Phaser,Audio,12.5625,,,
103,EqMid,Center Frequency Equalizer,Filter,3.34375,,,
104,EqShelving,Hi/Lo Shelving Equalizer,Filter,2.4375,,,
105,Expander,Stereo Expander/Gate,Audio,8.28125,,,
106,OscSineBank,Sine Bank Slave Oscillator,Oscillator,16.78125,,,
107,SpectralOsc,Spectral Oscillator,Oscillator,7.90625,,,
108,Vocoder,16 Band Vocoder,Filter,48.9375,,,
110,RandomGen,Random Generator,LFO,1.4375,,,
111,LevMult,Level Multi (Attenuator/Phase Shift),Mixer,0.53125,,,
112,LevAdd,Level Offset (Bias),Mixer,0.53125,,,
113,1to2Fade,1 to 2 Fader,Mixer,0.78125,,,
114,2to1Fade,2 to 1 Fader,Mixer,0.78125,,,
115,NoteVelScal,Note Velocity Scaler,Control,0.875,,,
117,RingMod,Ring/Amplitude Modulator,Audio,1.90625,,,
118,Digitizer,Signal Digitizer,Audio,3.4375,,,
127,PolyAreaIn,Polyphonic Area In,In/Out,2.2,,,
